Project ID,Phase,Project Type,Type,Region,Country,Start Date,Planned Cost,Actual Cost,Planned Deliverables,Actual Deliverables,Planned Duration,Actual Duration
1,Phase 1 - Planning,Marketing - Launch of new product,Affiliate,North and Latin America,Equateur,1/16/2018,50000,59600,10,10,196,196
1,Phase 2 - Initiation,Marketing - Launch of new product,Affiliate,North and Latin America,Equateur,1/31/2018,100000,120700,17,16,15,7
1,Phase 3 - Implementation,Marketing - Launch of new product,Affiliate,North and Latin America,Equateur,4/17/2018,150000,198700,26,25,197,176
1,Phase 4 - Manufacturing,Marketing - Launch of new product,Affiliate,North and Latin America,Equateur,10/10/2018,450000,531300,23,23,61,64
2,Phase 1 - Planning,Marketing - Launch of new product,Affiliate,Western Europe,France,1/30/2018,100000,86700,6,6,16,16
2,Phase 2 - Initiation,Marketing - Launch of new product,Affiliate,Western Europe,France,4/1/2018,200000,171100,27,23,109,66
2,Phase 3 - Implementation,Marketing - Launch of new product,Affiliate,Western Europe,France,6/6/2018,300000,269000,18,15,146,73
2,Phase 4 - Manufacturing,Marketing - Launch of new product,Affiliate,Western Europe,France,8/18/2018,900000,765800,20,19,94,148
3,Phase 1 - Planning,Marketing - Launch of new product,Distributor,Central/Eastern Europe-Middle East-Africa,Liban,3/3/2018,50000,65800,26,26,91,124
3,Phase 2 - Initiation,Marketing - Launch of new product,Distributor,Central/Eastern Europe-Middle East-Africa,Liban,3/25/2018,100000,122500,18,16,77,34
3,Phase 3 - Implementation,Marketing - Launch of new product,Distributor,Central/Eastern Europe-Middle East-Africa,Liban,4/28/2018,150000,188500,21,18,169,178
3,Phase 4 - Manufacturing,Marketing - Launch of new product,Distributor,Central/Eastern Europe-Middle East-Africa,Liban,10/23/2018,450000,556700,8,8,61,127
4,Phase 1 - Planning,Marketing - Launch of new product,Distributor,Central/Eastern Europe-Middle East-Africa,Egypte,4/2/2018,50000,65100,20,20,31,17
4,Phase 2 - Initiation,Marketing - Launch of new product,Distributor,Central/Eastern Europe-Middle East-Africa,Egypte,9/21/2018,100000,128300,20,19,13,25
4,Phase 3 - Implementation,Marketing - Launch of new product,Distributor,Central/Eastern Europe-Middle East-Africa,Egypte,11/6/2018,150000,180000,32,29,63,147
4,Phase 4 - Manufacturing,Marketing - Launch of new product,Distributor,Central/Eastern Europe-Middle East-Africa,Egypte,4/2/2019,450000,579700,23,23,44,105
5,Phase 1 - Planning,Marketing - Launch of new product,Distributor,Central/Eastern Europe-Middle East-Africa,Afrique du Sud,1/19/2018,50000,52600,3,3,11,25
5,Phase 2 - Initiation,Marketing - Launch of new product,Distributor,Central/Eastern Europe-Middle East-Africa,Afrique du Sud,2/13/2018,100000,95500,21,19,167,157
5,Phase 3 - Implementation,Marketing - Launch of new product,Distributor,Central/Eastern Europe-Middle East-Africa,Afrique du Sud,3/5/2018,150000,146200,22,22,197,62
5,Phase 4 - Manufacturing,Marketing - Launch of new product,Distributor,Central/Eastern Europe-Middle East-Africa,Afrique du Sud,5/6/2018,450000,465500,13,13,60,52
6,Phase 1 - Planning,Marketing - Launch of new product,Distributor,Central/Eastern Europe-Middle East-Africa,Albanie,5/2/2018,50000,59000,19,18,62,57
6,Phase 2 - Initiation,Marketing - Launch of new product,Distributor,Central/Eastern Europe-Middle East-Africa,Albanie,6/28/2018,100000,119100,7,6,158,183
6,Phase 3 - Implementation,Marketing - Launch of new product,Distributor,Central/Eastern Europe-Middle East-Africa,Albanie,7/18/2018,150000,192600,13,12,68,89
6,Phase 4 - Manufacturing,Marketing - Launch of new product,Distributor,Central/Eastern Europe-Middle East-Africa,Albanie,10/15/2018,450000,521500,4,4,30,58
7,Phase 1 - Planning,Marketing - Launch of new product,Affiliate,Western Europe,Hollande,2/16/2018,100000,99500,30,28,190,151
7,Phase 2 - Initiation,Marketing - Launch of new product,Affiliate,Western Europe,Hollande,4/8/2018,200000,205600,30,28,15,26
7,Phase 3 - Implementation,Marketing - Launch of new product,Affiliate,Western Europe,Hollande,6/6/2018,300000,275400,19,19,162,143
7,Phase 4 - Manufacturing,Marketing - Launch of new product,Affiliate,Western Europe,Hollande,10/27/2018,900000,850300,19,17,78,120
8,Phase 1 - Planning,Marketing - Launch of new product,Affiliate,Western Europe,Allemagne,4/16/2018,100000,103500,28,25,48,66
8,Phase 2 - Initiation,Marketing - Launch of new product,Affiliate,Western Europe,Allemagne,7/31/2018,200000,209700,5,4,179,68
8,Phase 3 - Implementation,Marketing - Launch of new product,Affiliate,Western Europe,Allemagne,10/7/2018,300000,302200,10,10,7,6
8,Phase 4 - Manufacturing,Marketing - Launch of new product,Affiliate,Western Europe,Allemagne,12/8/2018,900000,887300,18,17,79,135
9,Phase 1 - Planning,Marketing - Launch of new product,Affiliate,Western Europe,Belgique,1/27/2018,100000,120500,12,10,173,135
9,Phase 2 - Initiation,Marketing - Launch of new product,Affiliate,Western Europe,Belgique,2/28/2018,200000,222300,21,20,66,52
9,Phase 3 - Implementation,Marketing - Launch of new product,Affiliate,Western Europe,Belgique,4/21/2018,300000,362400,10,9,9,4
9,Phase 4 - Manufacturing,Marketing - Launch of new product,Affiliate,Western Europe,Belgique,6/4/2018,900000,1002800,3,3,98,73
10,Phase 1 - Planning,Marketing - Launch of new product,Distributor,Central/Eastern Europe-Middle East-Africa,Benin,2/1/2018,33300,30400,26,25,95,132
10,Phase 2 - Initiation,Marketing - Launch of new product,Distributor,Central/Eastern Europe-Middle East-Africa,Benin,6/13/2018,66700,58400,29,28,17,16
10,Phase 3 - Implementation,Marketing - Launch of new product,Distributor,Central/Eastern Europe-Middle East-Africa,Benin,11/24/2018,100000,99600,24,22,46,31
10,Phase 4 - Manufacturing,Marketing - Launch of new product,Distributor,Central/Eastern Europe-Middle East-Africa,Benin,4/4/2019,300000,282200,4,4,13,15
11,Phase 1 - Planning,Marketing - Launch of new product,Affiliate,Western Europe,Italie,4/19/2018,100000,115400,4,4,55,78
11,Phase 2 - Initiation,Marketing - Launch of new product,Affiliate,Western Europe,Italie,8/4/2018,200000,216800,13,12,6,9
11,Phase 3 - Implementation,Marketing - Launch of new product,Affiliate,Western Europe,Italie,8/24/2018,300000,345400,17,17,107,168
11,Phase 4 - Manufacturing,Marketing - Launch of new product,Affiliate,Western Europe,Italie,2/8/2019,900000,995200,11,9,48,67
12,Phase 1 - Planning,Marketing - Launch of new product,Affiliate,Central/Eastern Europe-Middle East-Africa,Hongrie,3/10/2018,50000,45200,22,20,11,8
12,Phase 2 - Initiation,Marketing - Launch of new product,Affiliate,Central/Eastern Europe-Middle East-Africa,Hongrie,6/4/2018,100000,88100,4,3,134,153
12,Phase 3 - Implementation,Marketing - Launch of new product,Affiliate,Central/Eastern Europe-Middle East-Africa,Hongrie,11/4/2018,150000,128000,3,3,148,144
12,Phase 4 - Manufacturing,Marketing - Launch of new product,Affiliate,Central/Eastern Europe-Middle East-Africa,Hongrie,3/28/2019,450000,438400,22,19,148,104
13,Phase 1 - Planning,Marketing - Launch of new product,Affiliate,Western Europe,France,2/13/2018,50000,45500,19,16,89,106
13,Phase 2 - Initiation,Marketing - Launch of new product,Affiliate,Western Europe,France,5/30/2018,100000,85400,7,7,192,97
13,Phase 3 - Implementation,Marketing - Launch of new product,Affiliate,Western Europe,France,9/4/2018,150000,128000,26,23,125,139
13,Phase 4 - Manufacturing,Marketing - Launch of new product,Affiliate,Western Europe,France,1/21/2019,450000,412800,22,21,176,153
14,Phase 1 - Planning,Marketing - Launch of new product,Affiliate,Central/Eastern Europe-Middle East-Africa,Croatie,4/13/2018,50000,60500,9,9,191,150
14,Phase 2 - Initiation,Marketing - Launch of new product,Affiliate,Central/Eastern Europe-Middle East-Africa,Croatie,4/28/2018,100000,122000,31,29,131,122
14,Phase 3 - Implementation,Marketing - Launch of new product,Affiliate,Central/Eastern Europe-Middle East-Africa,Croatie,5/2/2018,150000,174700,1,1,1,14
14,Phase 4 - Manufacturing,Marketing - Launch of new product,Affiliate,Central/Eastern Europe-Middle East-Africa,Croatie,9/24/2018,450000,574300,20,20,136,55
15,Phase 1 - Planning,Marketing - Launch of new product,Distributor,Central/Eastern Europe-Middle East-Africa,Burkina Faso,1/1/2018,33300,33500,22,22,166,164
15,Phase 2 - Initiation,Marketing - Launch of new product,Distributor,Central/Eastern Europe-Middle East-Africa,Burkina Faso,1/19/2018,66700,65000,25,22,159,171
15,Phase 3 - Implementation,Marketing - Launch of new product,Distributor,Central/Eastern Europe-Middle East-Africa,Burkina Faso,7/9/2018,100000,103700,32,28,26,41
15,Phase 4 - Manufacturing,Marketing - Launch of new product,Distributor,Central/Eastern Europe-Middle East-Africa,Burkina Faso,9/28/2018,300000,289300,14,13,110,71
16,Phase 1 - Planning,Marketing - Launch of new product,Distributor,Central/Eastern Europe-Middle East-Africa,Cote d'Ivoire,2/7/2018,33300,42700,6,6,30,25
16,Phase 2 - Initiation,Marketing - Launch of new product,Distributor,Central/Eastern Europe-Middle East-Africa,Cote d'Ivoire,5/21/2018,66700,92000,7,6,101,115
16,Phase 3 - Implementation,Marketing - Launch of new product,Distributor,Central/Eastern Europe-Middle East-Africa,Cote d'Ivoire,9/13/2018,100000,132700,7,6,152,100
16,Phase 4 - Manufacturing,Marketing - Launch of new product,Distributor,Central/Eastern Europe-Middle East-Africa,Cote d'Ivoire,9/23/2018,300000,399500,6,6,21,32
17,Phase 1 - Planning,Marketing - Launch of new product,Affiliate,Western Europe,Espagne,1/7/2018,100000,101000,26,26,140,97
17,Phase 2 - Initiation,Marketing - Launch of new product,Affiliate,Western Europe,Espagne,4/14/2018,200000,183900,13,12,174,67
17,Phase 3 - Implementation,Marketing - Launch of new product,Affiliate,Western Europe,Espagne,6/20/2018,300000,311000,28,25,110,147
17,Phase 4 - Manufacturing,Marketing - Launch of new product,Affiliate,Western Europe,Espagne,11/14/2018,900000,886200,12,12,72,61
18,Phase 1 - Planning,Marketing - Launch of new product,Distributor,Central/Eastern Europe-Middle East-Africa,Gabon,4/4/2018,33300,31000,8,8,89,64
18,Phase 2 - Initiation,Marketing - Launch of new product,Distributor,Central/Eastern Europe-Middle East-Africa,Gabon,6/7/2018,66700,61900,15,13,178,65
18,Phase 3 - Implementation,Marketing - Launch of new product,Distributor,Central/Eastern Europe-Middle East-Africa,Gabon,8/11/2018,100000,88400,13,13,34,41
18,Phase 4 - Manufacturing,Marketing - Launch of new product,Distributor,Central/Eastern Europe-Middle East-Africa,Gabon,9/21/2018,300000,268500,29,28,119,100
19,Phase 1 - Planning,Marketing - Launch of new product,Affiliate,Central/Eastern Europe-Middle East-Africa,Republique Chèque,3/17/2018,100000,97000,29,27,186,200
19,Phase 2 - Initiation,Marketing - Launch of new product,Affiliate,Central/Eastern Europe-Middle East-Africa,Republique Chèque,4/5/2018,200000,201100,24,21,115,155
19,Phase 3 - Implementation,Marketing - Launch of new product,Affiliate,Central/Eastern Europe-Middle East-Africa,Republique Chèque,9/7/2018,300000,302400,17,16,184,110
19,Phase 4 - Manufacturing,Marketing - Launch of new product,Affiliate,Central/Eastern Europe-Middle East-Africa,Republique Chèque,12/26/2018,900000,896500,21,18,145,144
20,Phase 1 - Planning,Marketing - Launch of new product,Distributor,North and Latin America,Colombie,1/25/2018,50000,64600,8,7,125,125
20,Phase 2 - Initiation,Marketing - Launch of new product,Distributor,North and Latin America,Colombie,2/15/2018,100000,121900,23,22,117,84
20,Phase 3 - Implementation,Marketing - Launch of new product,Distributor,North and Latin America,Colombie,5/10/2018,150000,172800,24,24,54,99
20,Phase 4 - Manufacturing,Marketing - Launch of new product,Distributor,North and Latin America,Colombie,8/17/2018,450000,545500,30,26,120,121
21,Phase 1 - Planning,Marketing - Launch of new product,Affiliate,Central/Eastern Europe-Middle East-Africa,Estonie,4/13/2018,50000,55100,8,7,49,54
21,Phase 2 - Initiation,Marketing - Launch of new product,Affiliate,Central/Eastern Europe-Middle East-Africa,Estonie,6/6/2018,100000,103000,20,18,60,70
21,Phase 3 - Implementation,Marketing - Launch of new product,Affiliate,Central/Eastern Europe-Middle East-Africa,Estonie,11/23/2018,150000,158700,24,23,151,106
21,Phase 4 - Manufacturing,Marketing - Launch of new product,Affiliate,Central/Eastern Europe-Middle East-Africa,Estonie,3/9/2019,450000,449100,12,11,177,145
22,Phase 1 - Planning,Marketing - Launch of new product,Distributor,North and Latin America,Bresil,3/6/2018,50000,52100,5,4,175,139
22,Phase 2 - Initiation,Marketing - Launch of new product,Distributor,North and Latin America,Bresil,4/5/2018,100000,109800,3,3,149,125
22,Phase 3 - Implementation,Marketing - Launch of new product,Distributor,North and Latin America,Bresil,8/8/2018,150000,168300,7,6,198,154
22,Phase 4 - Manufacturing,Marketing - Launch of new product,Distributor,North and Latin America,Bresil,10/1/2018,450000,467000,27,27,109,123
23,Phase 1 - Planning,Marketing - Launch of new product,Affiliate,Western Europe,Suisse,4/26/2018,100000,130500,6,6,151,57
23,Phase 2 - Initiation,Marketing - Launch of new product,Affiliate,Western Europe,Suisse,6/22/2018,200000,253400,26,25,16,7
23,Phase 3 - Implementation,Marketing - Launch of new product,Affiliate,Western Europe,Suisse,9/9/2018,300000,339700,3,3,67,135
23,Phase 4 - Manufacturing,Marketing - Launch of new product,Affiliate,Western Europe,Suisse,1/22/2019,900000,1173900,21,18,14,14
24,Phase 1 - Planning,Marketing - Launch of new product,Affiliate,Central/Eastern Europe-Middle East-Africa,Ukraine,3/3/2018,50000,52100,13,12,165,87
24,Phase 2 - Initiation,Marketing - Launch of new product,Affiliate,Central/Eastern Europe-Middle East-Africa,Ukraine,4/21/2018,100000,105700,21,19,125,132
24,Phase 3 - Implementation,Marketing - Launch of new product,Affiliate,Central/Eastern Europe-Middle East-Africa,Ukraine,8/31/2018,150000,154900,21,21,132,54
24,Phase 4 - Manufacturing,Marketing - Launch of new product,Affiliate,Central/Eastern Europe-Middle East-Africa,Ukraine,10/24/2018,450000,427200,23,20,189,165
25,Phase 1 - Planning,Marketing - Launch of new product,Distributor,Central/Eastern Europe-Middle East-Africa,Togo,2/5/2018,33300,36400,11,10,20,30
25,Phase 2 - Initiation,Marketing - Launch of new product,Distributor,Central/Eastern Europe-Middle East-Africa,Togo,3/7/2018,66700,73900,11,9,188,199
25,Phase 3 - Implementation,Marketing - Launch of new product,Distributor,Central/Eastern Europe-Middle East-Africa,Togo,3/15/2018,100000,118900,7,6,102,63
25,Phase 4 - Manufacturing,Marketing - Launch of new product,Distributor,Central/Eastern Europe-Middle East-Africa,Togo,5/17/2018,300000,325600,6,5,105,73
26,Phase 1 - Planning,Marketing - Launch of new product,Affiliate,Western Europe,Allemagne,5/23/2018,100000,107000,31,27,76,95
26,Phase 2 - Initiation,Marketing - Launch of new product,Affiliate,Western Europe,Allemagne,10/18/2018,200000,230600,3,3,28,45
26,Phase 3 - Implementation,Marketing - Launch of new product,Affiliate,Western Europe,Allemagne,1/8/2019,300000,317600,27,23,128,112
26,Phase 4 - Manufacturing,Marketing - Launch of new product,Affiliate,Western Europe,Allemagne,1/20/2019,900000,938200,6,6,3,1
27,Phase 1 - Planning,Marketing - Launch of new product,Affiliate,Central/Eastern Europe-Middle East-Africa,La Reunion,2/19/2018,50000,54300,23,22,60,99
27,Phase 2 - Initiation,Marketing - Launch of new product,Affiliate,Central/Eastern Europe-Middle East-Africa,La Reunion,6/13/2018,100000,96900,12,11,199,151
27,Phase 3 - Implementation,Marketing - Launch of new product,Affiliate,Central/Eastern Europe-Middle East-Africa,La Reunion,11/11/2018,150000,144400,20,19,57,28
27,Phase 4 - Manufacturing,Marketing - Launch of new product,Affiliate,Central/Eastern Europe-Middle East-Africa,La Reunion,12/9/2018,450000,440900,18,18,125,168
28,Phase 1 - Planning,Marketing - Launch of new product,Affiliate,Central/Eastern Europe-Middle East-Africa,Russie,1/24/2018,100000,98600,14,14,21,13
28,Phase 2 - Initiation,Marketing - Launch of new product,Affiliate,Central/Eastern Europe-Middle East-Africa,Russie,6/8/2018,200000,192600,7,6,94,51
28,Phase 3 - Implementation,Marketing - Launch of new product,Affiliate,Central/Eastern Europe-Middle East-Africa,Russie,7/29/2018,300000,323600,17,15,128,218
28,Phase 4 - Manufacturing,Marketing - Launch of new product,Affiliate,Central/Eastern Europe-Middle East-Africa,Russie,8/26/2018,900000,887100,32,30,91,32
29,Phase 1 - Planning,Marketing - Launch of new product,Affiliate,Western Europe,Belgique,3/8/2018,50000,55100,7,7,7,14
29,Phase 2 - Initiation,Marketing - Launch of new product,Affiliate,Western Europe,Belgique,7/26/2018,100000,112800,5,4,80,43
29,Phase 3 - Implementation,Marketing - Launch of new product,Affiliate,Western Europe,Belgique,9/7/2018,150000,170900,5,4,117,116
29,Phase 4 - Manufacturing,Marketing - Launch of new product,Affiliate,Western Europe,Belgique,1/1/2019,450000,558300,16,15,5,3
30,Phase 1 - Planning,Marketing - Launch of new product,Distributor,North and Latin America,Canada,1/7/2018,100000,98500,20,20,165,112
30,Phase 2 - Initiation,Marketing - Launch of new product,Distributor,North and Latin America,Canada,2/11/2018,200000,215700,11,11,182,126
30,Phase 3 - Implementation,Marketing - Launch of new product,Distributor,North and Latin America,Canada,3/1/2018,300000,320800,8,7,17,30
30,Phase 4 - Manufacturing,Marketing - Launch of new product,Distributor,North and Latin America,Canada,3/31/2018,900000,901800,23,23,149,141
31,Phase 1 - Planning,Marketing - Launch of new product,Distributor,Western Europe,Norvege,4/12/2018,100000,106400,4,4,26,36
31,Phase 2 - Initiation,Marketing - Launch of new product,Distributor,Western Europe,Norvege,6/13/2018,200000,223800,20,18,76,50
31,Phase 3 - Implementation,Marketing - Launch of new product,Distributor,Western Europe,Norvege,11/10/2018,300000,326700,17,17,94,54
31,Phase 4 - Manufacturing,Marketing - Launch of new product,Distributor,Western Europe,Norvege,1/3/2019,900000,919400,23,22,86,49
32,Phase 1 - Planning,Marketing - Launch of new product,Distributor,Central/Eastern Europe-Middle East-Africa,Turquie,2/28/2018,50000,63800,10,9,107,56
32,Phase 2 - Initiation,Marketing - Launch of new product,Distributor,Central/Eastern Europe-Middle East-Africa,Turquie,3/9/2018,100000,134200,5,4,76,25
32,Phase 3 - Implementation,Marketing - Launch of new product,Distributor,Central/Eastern Europe-Middle East-Africa,Turquie,4/3/2018,150000,176200,25,24,134,108
32,Phase 4 - Manufacturing,Marketing - Launch of new product,Distributor,Central/Eastern Europe-Middle East-Africa,Turquie,7/20/2018,450000,608200,9,8,34,21
33,Phase 1 - Planning,Marketing - Launch of new product,Distributor,Central/Eastern Europe-Middle East-Africa,Malte,3/31/2018,50000,46100,12,11,53,53
33,Phase 2 - Initiation,Marketing - Launch of new product,Distributor,Central/Eastern Europe-Middle East-Africa,Malte,6/4/2018,100000,84600,21,20,87,100
33,Phase 3 - Implementation,Marketing - Launch of new product,Distributor,Central/Eastern Europe-Middle East-Africa,Malte,6/16/2018,150000,134600,4,4,45,62
33,Phase 4 - Manufacturing,Marketing - Launch of new product,Distributor,Central/Eastern Europe-Middle East-Africa,Malte,10/4/2018,450000,419600,11,10,121,82
34,Phase 1 - Planning,Marketing - Launch of new product,Distributor,Central/Eastern Europe-Middle East-Africa,Israel,5/26/2018,100000,112800,12,11,109,38
34,Phase 2 - Initiation,Marketing - Launch of new product,Distributor,Central/Eastern Europe-Middle East-Africa,Israel,7/3/2018,200000,229100,23,20,153,128
34,Phase 3 - Implementation,Marketing - Launch of new product,Distributor,Central/Eastern Europe-Middle East-Africa,Israel,7/6/2018,300000,318200,15,14,165,132
34,Phase 4 - Manufacturing,Marketing - Launch of new product,Distributor,Central/Eastern Europe-Middle East-Africa,Israel,11/15/2018,900000,945400,24,23,181,99
35,Phase 1 - Planning,Marketing - Launch of new product,Distributor,Western Europe,Norvege,3/2/2018,100000,97200,27,23,25,30
35,Phase 2 - Initiation,Marketing - Launch of new product,Distributor,Western Europe,Norvege,4/1/2018,200000,197200,17,16,195,96
35,Phase 3 - Implementation,Marketing - Launch of new product,Distributor,Western Europe,Norvege,7/6/2018,300000,324900,11,10,54,77
35,Phase 4 - Manufacturing,Marketing - Launch of new product,Distributor,Western Europe,Norvege,9/21/2018,900000,980800,26,26,79,122
36,Phase 1 - Planning,Marketing - Launch of new product,Distributor,Western Europe,Portugal,2/25/2018,50000,50100,8,8,54,44
36,Phase 2 - Initiation,Marketing - Launch of new product,Distributor,Western Europe,Portugal,7/13/2018,100000,105000,3,3,66,57
36,Phase 3 - Implementation,Marketing - Launch of new product,Distributor,Western Europe,Portugal,12/17/2018,150000,160400,25,23,63,144
36,Phase 4 - Manufacturing,Marketing - Launch of new product,Distributor,Western Europe,Portugal,5/10/2019,450000,506700,26,23,176,74
37,Phase 1 - Planning,Marketing - Launch of new product,Affiliate,Central/Eastern Europe-Middle East-Africa,Pologne,1/24/2018,50000,61600,7,6,19,12
37,Phase 2 - Initiation,Marketing - Launch of new product,Affiliate,Central/Eastern Europe-Middle East-Africa,Pologne,6/1/2018,100000,119100,11,10,110,75
37,Phase 3 - Implementation,Marketing - Launch of new product,Affiliate,Central/Eastern Europe-Middle East-Africa,Pologne,8/15/2018,150000,176400,32,32,137,92
37,Phase 4 - Manufacturing,Marketing - Launch of new product,Affiliate,Central/Eastern Europe-Middle East-Africa,Pologne,11/15/2018,450000,573600,8,7,119,78
38,Phase 1 - Planning,Marketing - Launch of new product,Affiliate,Western Europe,Grece,4/22/2018,50000,47200,14,13,135,56
38,Phase 2 - Initiation,Marketing - Launch of new product,Affiliate,Western Europe,Grece,5/30/2018,100000,88100,26,22,48,84
38,Phase 3 - Implementation,Marketing - Launch of new product,Affiliate,Western Europe,Grece,8/22/2018,150000,145100,23,20,171,135
38,Phase 4 - Manufacturing,Marketing - Launch of new product,Affiliate,Western Europe,Grece,1/4/2019,450000,389500,6,5,47,74
39,Phase 1 - Planning,Marketing - Launch of new product,Distributor,Western Europe,Danemark,2/16/2018,100000,122100,31,27,38,16
39,Phase 2 - Initiation,Marketing - Launch of new product,Distributor,Western Europe,Danemark,7/26/2018,200000,226700,19,18,173,148
39,Phase 3 - Implementation,Marketing - Launch of new product,Distributor,Western Europe,Danemark,12/21/2018,300000,375700,11,10,21,12
39,Phase 4 - Manufacturing,Marketing - Launch of new product,Distributor,Western Europe,Danemark,4/21/2019,900000,1041700,9,9,162,172
40,Phase 1 - Planning,Marketing - Launch of new product,Distributor,Central/Eastern Europe-Middle East-Africa,Senegal,4/28/2018,33300,36200,27,26,142,198
40,Phase 2 - Initiation,Marketing - Launch of new product,Distributor,Central/Eastern Europe-Middle East-Africa,Senegal,5/19/2018,66700,71800,18,17,91,121
40,Phase 3 - Implementation,Marketing - Launch of new product,Distributor,Central/Eastern Europe-Middle East-Africa,Senegal,9/17/2018,100000,104900,20,19,175,90
40,Phase 4 - Manufacturing,Marketing - Launch of new product,Distributor,Central/Eastern Europe-Middle East-Africa,Senegal,12/16/2018,300000,329500,15,15,54,54
41,Phase 1 - Planning,Marketing - Launch of new product,Affiliate,Central/Eastern Europe-Middle East-Africa,Slovaquie,5/5/2018,100000,124400,29,28,53,84
41,Phase 2 - Initiation,Marketing - Launch of new product,Affiliate,Central/Eastern Europe-Middle East-Africa,Slovaquie,7/28/2018,200000,236300,32,28,89,100
41,Phase 3 - Implementation,Marketing - Launch of new product,Affiliate,Central/Eastern Europe-Middle East-Africa,Slovaquie,8/18/2018,300000,363000,23,20,74,40
41,Phase 4 - Manufacturing,Marketing - Launch of new product,Affiliate,Central/Eastern Europe-Middle East-Africa,Slovaquie,8/22/2018,900000,1012300,6,6,140,48
42,Phase 1 - Planning,Marketing - Launch of new product,Affiliate,Central/Eastern Europe-Middle East-Africa,Lituanie,5/27/2018,50000,60100,9,9,194,93
42,Phase 2 - Initiation,Marketing - Launch of new product,Affiliate,Central/Eastern Europe-Middle East-Africa,Lituanie,8/28/2018,100000,132400,29,26,183,86
42,Phase 3 - Implementation,Marketing - Launch of new product,Affiliate,Central/Eastern Europe-Middle East-Africa,Lituanie,11/22/2018,150000,193700,13,11,166,63
42,Phase 4 - Manufacturing,Marketing - Launch of new product,Affiliate,Central/Eastern Europe-Middle East-Africa,Lituanie,1/24/2019,450000,586700,22,21,33,18
43,Phase 1 - Planning,Marketing - Launch of new product,Affiliate,Western Europe,Luxembourg,2/24/2018,100000,117500,14,14,4,9
43,Phase 2 - Initiation,Marketing - Launch of new product,Affiliate,Western Europe,Luxembourg,5/18/2018,200000,260100,7,7,151,92
43,Phase 3 - Implementation,Marketing - Launch of new product,Affiliate,Western Europe,Luxembourg,8/18/2018,300000,394000,7,6,187,129
43,Phase 4 - Manufacturing,Marketing - Launch of new product,Affiliate,Western Europe,Luxembourg,12/25/2018,900000,1073400,6,6,81,50
44,Phase 1 - Planning,Marketing - Launch of new product,Distributor,Central/Eastern Europe-Middle East-Africa,Jordanie,2/27/2018,50000,49600,8,8,117,56
44,Phase 2 - Initiation,Marketing - Launch of new product,Distributor,Central/Eastern Europe-Middle East-Africa,Jordanie,4/7/2018,100000,103900,6,5,126,102
44,Phase 3 - Implementation,Marketing - Launch of new product,Distributor,Central/Eastern Europe-Middle East-Africa,Jordanie,4/19/2018,150000,154000,10,10,71,166
44,Phase 4 - Manufacturing,Marketing - Launch of new product,Distributor,Central/Eastern Europe-Middle East-Africa,Jordanie,10/2/2018,450000,444200,23,22,113,116
45,Phase 1 - Planning,Marketing - Launch of new product,Distributor,Central/Eastern Europe-Middle East-Africa,Gambie,4/25/2018,33300,42200,13,12,139,154
45,Phase 2 - Initiation,Marketing - Launch of new product,Distributor,Central/Eastern Europe-Middle East-Africa,Gambie,9/26/2018,66700,90400,10,9,193,98
45,Phase 3 - Implementation,Marketing - Launch of new product,Distributor,Central/Eastern Europe-Middle East-Africa,Gambie,11/25/2018,100000,126700,28,26,56,51
45,Phase 4 - Manufacturing,Marketing - Launch of new product,Distributor,Central/Eastern Europe-Middle East-Africa,Gambie,1/15/2019,300000,366700,28,25,149,56
46,Phase 1 - Planning,Marketing - Launch of new product,Distributor,Central/Eastern Europe-Middle East-Africa,Macedoine,4/20/2018,50000,66600,17,16,10,12
46,Phase 2 - Initiation,Marketing - Launch of new product,Distributor,Central/Eastern Europe-Middle East-Africa,Macedoine,8/27/2018,100000,128000,19,18,60,17
46,Phase 3 - Implementation,Marketing - Launch of new product,Distributor,Central/Eastern Europe-Middle East-Africa,Macedoine,2/19/2019,150000,204600,31,31,184,106
46,Phase 4 - Manufacturing,Marketing - Launch of new product,Distributor,Central/Eastern Europe-Middle East-Africa,Macedoine,6/5/2019,450000,609900,7,6,200,90
47,Phase 1 - Planning,Marketing - Launch of new product,Distributor,Central/Eastern Europe-Middle East-Africa,Niger,1/31/2018,33300,32300,32,29,54,40
47,Phase 2 - Initiation,Marketing - Launch of new product,Distributor,Central/Eastern Europe-Middle East-Africa,Niger,3/12/2018,66700,62100,25,22,152,180
47,Phase 3 - Implementation,Marketing - Launch of new product,Distributor,Central/Eastern Europe-Middle East-Africa,Niger,9/8/2018,100000,83300,28,27,90,87
47,Phase 4 - Manufacturing,Marketing - Launch of new product,Distributor,Central/Eastern Europe-Middle East-Africa,Niger,12/4/2018,300000,276000,9,9,49,40
48,Phase 1 - Planning,Marketing - Launch of new product,Affiliate,Central/Eastern Europe-Middle East-Africa,Slovenie,4/8/2018,100000,101200,24,21,66,27
48,Phase 2 - Initiation,Marketing - Launch of new product,Affiliate,Central/Eastern Europe-Middle East-Africa,Slovenie,5/5/2018,200000,207200,27,26,110,90
48,Phase 3 - Implementation,Marketing - Launch of new product,Affiliate,Central/Eastern Europe-Middle East-Africa,Slovenie,8/3/2018,300000,349800,11,10,178,119
48,Phase 4 - Manufacturing,Marketing - Launch of new product,Affiliate,Central/Eastern Europe-Middle East-Africa,Slovenie,8/22/2018,900000,959700,32,32,167,133
49,Phase 1 - Planning,Marketing - Launch of new product,Distributor,Central/Eastern Europe-Middle East-Africa,Ile Maurice,4/19/2018,50000,56500,32,31,30,17
49,Phase 2 - Initiation,Marketing - Launch of new product,Distributor,Central/Eastern Europe-Middle East-Africa,Ile Maurice,10/8/2018,100000,120400,27,26,84,41
49,Phase 3 - Implementation,Marketing - Launch of new product,Distributor,Central/Eastern Europe-Middle East-Africa,Ile Maurice,11/18/2018,150000,163500,31,29,186,70
49,Phase 4 - Manufacturing,Marketing - Launch of new product,Distributor,Central/Eastern Europe-Middle East-Africa,Ile Maurice,1/27/2019,450000,499700,24,21,86,39
50,Phase 1 - Planning,Marketing - Launch of new product,Affiliate,Central/Eastern Europe-Middle East-Africa,Serbie,5/27/2018,50000,63500,12,11,158,62
50,Phase 2 - Initiation,Marketing - Launch of new product,Affiliate,Central/Eastern Europe-Middle East-Africa,Serbie,7/28/2018,100000,131500,25,23,136,56
50,Phase 3 - Implementation,Marketing - Launch of new product,Affiliate,Central/Eastern Europe-Middle East-Africa,Serbie,9/22/2018,150000,175700,19,19,121,40
50,Phase 4 - Manufacturing,Marketing - Launch of new product,Affiliate,Central/Eastern Europe-Middle East-Africa,Serbie,11/1/2018,450000,574100,10,9,129,118
51,Phase 1 - Planning,Marketing - Launch of new product,Distributor,Western Europe,Suede,2/5/2018,100000,113800,12,11,129,108
51,Phase 2 - Initiation,Marketing - Launch of new product,Distributor,Western Europe,Suede,5/24/2018,200000,228100,6,5,138,56
51,Phase 3 - Implementation,Marketing - Launch of new product,Distributor,Western Europe,Suede,7/6/2018,300000,347500,7,6,31,15
51,Phase 4 - Manufacturing,Marketing - Launch of new product,Distributor,Western Europe,Suede,12/11/2018,900000,989000,28,24,76,133
52,Phase A - Initiation,IT -  CRM Implementation,Affiliate,Western Europe,France,3/12/2020,700,900,26,23,139,109
52,Phase B - Preparation,IT -  CRM Implementation,Affiliate,Western Europe,France,6/29/2020,16100,21000,24,21,157,136
52,Phase C - Development,IT -  CRM Implementation,Affiliate,Western Europe,France,8/4/2020,21000,24300,23,22,9,13
52,Phase D - Testing,IT -  CRM Implementation,Affiliate,Western Europe,France,12/19/2020,5600,18700,25,23,48,58
52,Phase E - Deployment,IT -  CRM Implementation,Affiliate,Western Europe,France,3/14/2021,115000,34800,5,4,161,114
52,Phase F - Post-deployment,IT -  CRM Implementation,Affiliate,Western Europe,France,7/6/2021,2800,3200,7,7,26,36
53,Phase A - Initiation,IT -  CRM Implementation,Affiliate,Western Europe,Belgique,4/23/2020,700,700,10,9,38,44
53,Phase B - Preparation,IT -  CRM Implementation,Affiliate,Western Europe,Belgique,6/6/2020,16100,16200,31,27,61,78
53,Phase C - Development,IT -  CRM Implementation,Affiliate,Western Europe,Belgique,10/11/2020,21000,23000,8,8,39,70
53,Phase D - Testing,IT -  CRM Implementation,Affiliate,Western Europe,Belgique,12/30/2020,5600,26100,20,19,15,26
53,Phase E - Deployment,IT -  CRM Implementation,Affiliate,Western Europe,Belgique,2/14/2021,80000,25800,28,27,124,128
53,Phase F - Post-deployment,IT -  CRM Implementation,Affiliate,Western Europe,Belgique,6/21/2021,2800,2900,25,24,111,106
54,Phase A - Initiation,IT -  CRM Implementation,Affiliate,Western Europe,Hollande,5/20/2020,700,800,10,9,173,281
54,Phase B - Preparation,IT -  CRM Implementation,Affiliate,Western Europe,Hollande,6/17/2020,16100,19100,30,27,29,52
54,Phase C - Development,IT -  CRM Implementation,Affiliate,Western Europe,Hollande,11/16/2020,21000,24700,4,4,64,69
54,Phase D - Testing,IT -  CRM Implementation,Affiliate,Western Europe,Hollande,1/24/2021,5600,16200,17,14,173,153
54,Phase E - Deployment,IT -  CRM Implementation,Affiliate,Western Europe,Hollande,6/25/2021,50000,39100,12,11,52,79
54,Phase F - Post-deployment,IT -  CRM Implementation,Affiliate,Western Europe,Hollande,9/12/2021,2800,3000,20,17,184,157
55,Phase A - Initiation,IT -  CRM Implementation,Affiliate,Western Europe,Luxembourg,1/15/2020,700,800,29,27,68,44
55,Phase B - Preparation,IT -  CRM Implementation,Affiliate,Western Europe,Luxembourg,2/28/2020,16100,19300,7,6,161,139
55,Phase C - Development,IT -  CRM Implementation,Affiliate,Western Europe,Luxembourg,7/17/2020,21000,26000,9,9,66,31
55,Phase D - Testing,IT -  CRM Implementation,Affiliate,Western Europe,Luxembourg,8/17/2020,5600,17500,7,6,153,84
55,Phase E - Deployment,IT -  CRM Implementation,Affiliate,Western Europe,Luxembourg,10/20/2020,58000,24000,26,24,83,89
55,Phase F - Post-deployment,IT -  CRM Implementation,Affiliate,Western Europe,Luxembourg,1/17/2021,2800,3300,6,6,19,12
56,Phase A - Initiation,IT -  CRM Implementation,Affiliate,Western Europe,Italie,2/7/2020,700,700,8,8,154,81
56,Phase B - Preparation,IT -  CRM Implementation,Affiliate,Western Europe,Italie,2/15/2020,16100,14600,32,28,47,56
56,Phase C - Development,IT -  CRM Implementation,Affiliate,Western Europe,Italie,5/28/2020,21000,18400,4,4,95,116
56,Phase D - Testing,IT -  CRM Implementation,Affiliate,Western Europe,Italie,9/21/2020,5600,18000,17,15,12,9
56,Phase E - Deployment,IT -  CRM Implementation,Affiliate,Western Europe,Italie,12/23/2020,33000,24300,4,4,160,174
56,Phase F - Post-deployment,IT -  CRM Implementation,Affiliate,Western Europe,Italie,6/14/2021,2800,2800,5,4,124,153
57,Phase A - Initiation,IT -  CRM Implementation,Affiliate,Asia Pacific,Japon,5/4/2020,700,700,13,12,157,165
57,Phase B - Preparation,IT -  CRM Implementation,Affiliate,Asia Pacific,Japon,10/16/2020,16100,14600,7,7,117,125
57,Phase C - Development,IT -  CRM Implementation,Affiliate,Asia Pacific,Japon,3/30/2021,21000,20900,13,13,127,133
57,Phase D - Testing,IT -  CRM Implementation,Affiliate,Asia Pacific,Japon,5/2/2021,5600,15400,9,8,25,29
57,Phase E - Deployment,IT -  CRM Implementation,Affiliate,Asia Pacific,Japon,9/8/2021,32000,48800,26,24,65,56
57,Phase F - Post-deployment,IT -  CRM Implementation,Affiliate,Asia Pacific,Japon,11/3/2021,2800,2700,5,4,200,88
58,Phase A - Initiation,IT -  CRM Implementation,Affiliate,Western Europe,Espagne,4/7/2020,700,900,21,20,33,65
58,Phase B - Preparation,IT -  CRM Implementation,Affiliate,Western Europe,Espagne,6/21/2020,16100,19400,24,24,73,103
58,Phase C - Development,IT -  CRM Implementation,Affiliate,Western Europe,Espagne,10/2/2020,21000,23600,13,11,187,147
58,Phase D - Testing,IT -  CRM Implementation,Affiliate,Western Europe,Espagne,2/26/2021,5600,17200,25,22,153,77
58,Phase E - Deployment,IT -  CRM Implementation,Affiliate,Western Europe,Espagne,5/13/2021,73000,51100,4,3,36,36
58,Phase F - Post-deployment,IT -  CRM Implementation,Affiliate,Western Europe,Espagne,9/26/2021,2800,3100,30,26,183,159
59,Phase A - Initiation,IT -  CRM Implementation,Affiliate,Central/Eastern Europe-Middle East-Africa,Hongrie,3/7/2020,400,400,6,6,18,28
59,Phase B - Preparation,IT -  CRM Implementation,Affiliate,Central/Eastern Europe-Middle East-Africa,Hongrie,5/29/2020,8100,12800,5,5,42,32
59,Phase C - Development,IT -  CRM Implementation,Affiliate,Central/Eastern Europe-Middle East-Africa,Hongrie,6/30/2020,10500,9400,26,25,42,38
59,Phase D - Testing,IT -  CRM Implementation,Affiliate,Central/Eastern Europe-Middle East-Africa,Hongrie,11/15/2020,2800,13700,14,13,121,129
59,Phase E - Deployment,IT -  CRM Implementation,Affiliate,Central/Eastern Europe-Middle East-Africa,Hongrie,3/23/2021,59000,47100,30,29,85,124
59,Phase F - Post-deployment,IT -  CRM Implementation,Affiliate,Central/Eastern Europe-Middle East-Africa,Hongrie,7/25/2021,1400,1300,11,9,7,15
60,Phase A - Initiation,IT -  CRM Implementation,Affiliate,Central/Eastern Europe-Middle East-Africa,Pologne,3/3/2020,400,400,14,12,177,85
60,Phase B - Preparation,IT -  CRM Implementation,Affiliate,Central/Eastern Europe-Middle East-Africa,Pologne,5/27/2020,8100,13100,10,10,30,58
60,Phase C - Development,IT -  CRM Implementation,Affiliate,Central/Eastern Europe-Middle East-Africa,Pologne,11/1/2020,10500,12100,17,16,80,59
60,Phase D - Testing,IT -  CRM Implementation,Affiliate,Central/Eastern Europe-Middle East-Africa,Pologne,4/8/2021,2800,18300,8,8,169,175
60,Phase E - Deployment,IT -  CRM Implementation,Affiliate,Central/Eastern Europe-Middle East-Africa,Pologne,9/30/2021,43000,23500,29,28,94,128
60,Phase F - Post-deployment,IT -  CRM Implementation,Affiliate,Central/Eastern Europe-Middle East-Africa,Pologne,10/28/2021,1400,1500,29,27,151,146
61,Phase A - Initiation,IT -  CRM Implementation,Affiliate,Central/Eastern Europe-Middle East-Africa,Republique Chèque,1/5/2020,700,800,27,24,122,130
61,Phase B - Preparation,IT -  CRM Implementation,Affiliate,Central/Eastern Europe-Middle East-Africa,Republique Chèque,2/4/2020,16100,18000,8,8,65,49
61,Phase C - Development,IT -  CRM Implementation,Affiliate,Central/Eastern Europe-Middle East-Africa,Republique Chèque,7/3/2020,21000,23200,23,22,109,144
61,Phase D - Testing,IT -  CRM Implementation,Affiliate,Central/Eastern Europe-Middle East-Africa,Republique Chèque,7/7/2020,5600,19900,2,2,1,6
61,Phase E - Deployment,IT -  CRM Implementation,Affiliate,Central/Eastern Europe-Middle East-Africa,Republique Chèque,7/13/2020,47000,43600,12,12,99,67
61,Phase F - Post-deployment,IT -  CRM Implementation,Affiliate,Central/Eastern Europe-Middle East-Africa,Republique Chèque,9/18/2020,2800,2800,27,25,82,99
62,Phase A - Initiation,IT -  CRM Implementation,Affiliate,Central/Eastern Europe-Middle East-Africa,Slovaquie,1/30/2020,700,1000,5,4,18,31
62,Phase B - Preparation,IT -  CRM Implementation,Affiliate,Central/Eastern Europe-Middle East-Africa,Slovaquie,3/6/2020,16100,21000,6,5,94,113
62,Phase C - Development,IT -  CRM Implementation,Affiliate,Central/Eastern Europe-Middle East-Africa,Slovaquie,3/9/2020,21000,25800,7,7,151,77
62,Phase D - Testing,IT -  CRM Implementation,Affiliate,Central/Eastern Europe-Middle East-Africa,Slovaquie,5/25/2020,5600,17900,15,14,106,57
62,Phase E - Deployment,IT -  CRM Implementation,Affiliate,Central/Eastern Europe-Middle East-Africa,Slovaquie,7/21/2020,54000,44100,18,17,31,50
62,Phase F - Post-deployment,IT -  CRM Implementation,Affiliate,Central/Eastern Europe-Middle East-Africa,Slovaquie,10/9/2020,2800,3400,12,11,31,36
63,Phase A - Initiation,IT -  CRM Implementation,Affiliate,Western Europe,Allemagne,3/7/2020,700,800,19,17,60,28
63,Phase B - Preparation,IT -  CRM Implementation,Affiliate,Western Europe,Allemagne,4/4/2020,16100,17800,7,9,4,12
63,Phase C - Development,IT -  CRM Implementation,Affiliate,Western Europe,Allemagne,8/5/2020,21000,23500,17,14,153,143
63,Phase D - Testing,IT -  CRM Implementation,Affiliate,Western Europe,Allemagne,12/26/2020,5600,24500,15,15,85,129
63,Phase E - Deployment,IT -  CRM Implementation,Affiliate,Western Europe,Allemagne,1/24/2021,32000,50900,10,9,176,138
63,Phase F - Post-deployment,IT -  CRM Implementation,Affiliate,Western Europe,Allemagne,3/2/2021,2800,3200,15,13,104,121
64,Phase A - Initiation,IT -  CRM Implementation,Affiliate,Central/Eastern Europe-Middle East-Africa,Serbie,1/17/2020,400,400,4,3,63,71
64,Phase B - Preparation,IT -  CRM Implementation,Affiliate,Central/Eastern Europe-Middle East-Africa,Serbie,3/29/2020,8100,11200,25,23,16,12
64,Phase C - Development,IT -  CRM Implementation,Affiliate,Central/Eastern Europe-Middle East-Africa,Serbie,8/3/2020,10500,13500,24,23,198,124
64,Phase D - Testing,IT -  CRM Implementation,Affiliate,Central/Eastern Europe-Middle East-Africa,Serbie,8/27/2020,2800,18600,28,27,176,119
64,Phase E - Deployment,IT -  CRM Implementation,Affiliate,Central/Eastern Europe-Middle East-Africa,Serbie,12/24/2020,67000,55500,23,21,166,165
64,Phase F - Post-deployment,IT -  CRM Implementation,Affiliate,Central/Eastern Europe-Middle East-Africa,Serbie,6/6/2021,1400,1800,27,23,193,105
65,Phase A - Initiation,IT -  CRM Implementation,Affiliate,Central/Eastern Europe-Middle East-Africa,Croatie,5/24/2020,400,400,14,12,104,107
65,Phase B - Preparation,IT -  CRM Implementation,Affiliate,Central/Eastern Europe-Middle East-Africa,Croatie,9/8/2020,8100,9500,27,25,173,123
65,Phase C - Development,IT -  CRM Implementation,Affiliate,Central/Eastern Europe-Middle East-Africa,Croatie,1/9/2021,10500,12000,10,9,8,8
65,Phase D - Testing,IT -  CRM Implementation,Affiliate,Central/Eastern Europe-Middle East-Africa,Croatie,4/1/2021,2800,16400,10,10,14,26
65,Phase E - Deployment,IT -  CRM Implementation,Affiliate,Central/Eastern Europe-Middle East-Africa,Croatie,5/27/2021,25000,33200,25,25,29,53
65,Phase F - Post-deployment,IT -  CRM Implementation,Affiliate,Central/Eastern Europe-Middle East-Africa,Croatie,10/27/2021,1400,1600,19,17,114,161
66,Phase A - Initiation,IT -  CRM Implementation,Affiliate,Central/Eastern Europe-Middle East-Africa,Slovenie,1/2/2020,700,900,21,20,20,13
66,Phase B - Preparation,IT -  CRM Implementation,Affiliate,Central/Eastern Europe-Middle East-Africa,Slovenie,5/13/2020,16100,21600,13,11,160,57
66,Phase C - Development,IT -  CRM Implementation,Affiliate,Central/Eastern Europe-Middle East-Africa,Slovenie,7/9/2020,21000,25400,30,27,79,60
66,Phase D - Testing,IT -  CRM Implementation,Affiliate,Central/Eastern Europe-Middle East-Africa,Slovenie,12/16/2020,5600,28500,24,20,129,148
66,Phase E - Deployment,IT -  CRM Implementation,Affiliate,Central/Eastern Europe-Middle East-Africa,Slovenie,5/12/2021,44000,27800,18,16,135,140
66,Phase F - Post-deployment,IT -  CRM Implementation,Affiliate,Central/Eastern Europe-Middle East-Africa,Slovenie,9/29/2021,2800,3700,29,26,195,93
67,Phase A - Initiation,IT -  CRM Implementation,Distributor,Central/Eastern Europe-Middle East-Africa,Macedoine,1/5/2020,400,400,32,32,14,7
67,Phase B - Preparation,IT -  CRM Implementation,Distributor,Central/Eastern Europe-Middle East-Africa,Macedoine,1/12/2020,8100,8700,17,16,69,35
67,Phase C - Development,IT -  CRM Implementation,Distributor,Central/Eastern Europe-Middle East-Africa,Macedoine,2/16/2020,10500,11100,16,14,144,63
67,Phase D - Testing,IT -  CRM Implementation,Distributor,Central/Eastern Europe-Middle East-Africa,Macedoine,4/20/2020,2800,17700,24,23,140,96
67,Phase E - Deployment,IT -  CRM Implementation,Distributor,Central/Eastern Europe-Middle East-Africa,Macedoine,7/25/2020,75000,52300,27,26,135,131
67,Phase F - Post-deployment,IT -  CRM Implementation,Distributor,Central/Eastern Europe-Middle East-Africa,Macedoine,9/11/2020,1400,1600,7,6,79,89
68,Phase A - Initiation,IT -  CRM Implementation,Distributor,Central/Eastern Europe-Middle East-Africa,Albanie,1/23/2020,400,300,4,4,141,159
68,Phase B - Preparation,IT -  CRM Implementation,Distributor,Central/Eastern Europe-Middle East-Africa,Albanie,7/1/2020,8100,7900,13,13,164,128
68,Phase C - Development,IT -  CRM Implementation,Distributor,Central/Eastern Europe-Middle East-Africa,Albanie,7/19/2020,10500,10100,10,9,70,54
68,Phase D - Testing,IT -  CRM Implementation,Distributor,Central/Eastern Europe-Middle East-Africa,Albanie,9/11/2020,2800,18400,4,4,132,66
68,Phase E - Deployment,IT -  CRM Implementation,Distributor,Central/Eastern Europe-Middle East-Africa,Albanie,11/16/2020,36000,22000,3,3,92,120
68,Phase F - Post-deployment,IT -  CRM Implementation,Distributor,Central/Eastern Europe-Middle East-Africa,Albanie,3/15/2021,1400,1400,22,20,109,71
69,Phase A - Initiation,IT -  CRM Implementation,Distributor,Asia Pacific,Chine,5/31/2020,700,800,14,14,197,81
69,Phase B - Preparation,IT -  CRM Implementation,Distributor,Asia Pacific,Chine,8/20/2020,16100,19100,28,27,193,134
69,Phase C - Development,IT -  CRM Implementation,Distributor,Asia Pacific,Chine,1/1/2021,21000,22200,4,4,58,58
69,Phase D - Testing,IT -  CRM Implementation,Distributor,Asia Pacific,Chine,6/7/2021,5600,22200,16,15,91,80
69,Phase E - Deployment,IT -  CRM Implementation,Distributor,Asia Pacific,Chine,8/26/2021,79000,50400,25,22,27,17
69,Phase F - Post-deployment,IT -  CRM Implementation,Distributor,Asia Pacific,Chine,2/13/2022,2800,3400,31,31,187,110
70,Phase A - Initiation,IT -  CRM Implementation,Distributor,Central/Eastern Europe-Middle East-Africa,Malte,5/11/2020,400,400,19,18,134,98
70,Phase B - Preparation,IT -  CRM Implementation,Distributor,Central/Eastern Europe-Middle East-Africa,Malte,8/17/2020,8100,9400,7,7,191,130
70,Phase C - Development,IT -  CRM Implementation,Distributor,Central/Eastern Europe-Middle East-Africa,Malte,12/25/2020,10500,13200,18,17,35,42
70,Phase D - Testing,IT -  CRM Implementation,Distributor,Central/Eastern Europe-Middle East-Africa,Malte,2/5/2021,2800,15200,3,3,1,5
70,Phase E - Deployment,IT -  CRM Implementation,Distributor,Central/Eastern Europe-Middle East-Africa,Malte,5/30/2021,83000,36000,6,5,164,171
70,Phase F - Post-deployment,IT -  CRM Implementation,Distributor,Central/Eastern Europe-Middle East-Africa,Malte,11/17/2021,1400,1600,29,29,60,77
71,Phase A - Initiation,IT -  CRM Implementation,Distributor,Central/Eastern Europe-Middle East-Africa,Turquie,3/11/2020,400,300,30,26,135,79
71,Phase B - Preparation,IT -  CRM Implementation,Distributor,Central/Eastern Europe-Middle East-Africa,Turquie,5/29/2020,8100,10000,18,16,152,173
71,Phase C - Development,IT -  CRM Implementation,Distributor,Central/Eastern Europe-Middle East-Africa,Turquie,11/18/2020,10500,10000,30,28,14,4
71,Phase D - Testing,IT -  CRM Implementation,Distributor,Central/Eastern Europe-Middle East-Africa,Turquie,12/28/2020,2800,14300,14,12,125,144
71,Phase E - Deployment,IT -  CRM Implementation,Distributor,Central/Eastern Europe-Middle East-Africa,Turquie,2/10/2021,46000,43800,20,17,95,124
71,Phase F - Post-deployment,IT -  CRM Implementation,Distributor,Central/Eastern Europe-Middle East-Africa,Turquie,6/13/2021,1400,1300,14,13,134,112
72,Phase A - Initiation,IT -  CRM Implementation,Affiliate,Western Europe,Grece,5/11/2020,400,500,32,30,193,151
72,Phase B - Preparation,IT -  CRM Implementation,Affiliate,Western Europe,Grece,5/26/2020,8100,9800,24,22,113,196
72,Phase C - Development,IT -  CRM Implementation,Affiliate,Western Europe,Grece,6/1/2020,10500,12900,21,18,86,80
72,Phase D - Testing,IT -  CRM Implementation,Affiliate,Western Europe,Grece,8/20/2020,2800,14300,9,9,75,64
72,Phase E - Deployment,IT -  CRM Implementation,Affiliate,Western Europe,Grece,10/23/2020,66000,27500,31,28,178,65
72,Phase F - Post-deployment,IT -  CRM Implementation,Affiliate,Western Europe,Grece,12/27/2020,1400,1800,3,3,3,5
73,Phase A - Initiation,IT -  CRM Implementation,Distributor,Western Europe,Portugal,5/5/2020,400,400,22,20,127,86
73,Phase B - Preparation,IT -  CRM Implementation,Distributor,Western Europe,Portugal,7/30/2020,8100,9500,8,8,52,73
73,Phase C - Development,IT -  CRM Implementation,Distributor,Western Europe,Portugal,1/19/2021,10500,12700,4,3,37,11
73,Phase D - Testing,IT -  CRM Implementation,Distributor,Western Europe,Portugal,5/9/2021,2800,22500,13,11,52,73
73,Phase E - Deployment,IT -  CRM Implementation,Distributor,Western Europe,Portugal,7/21/2021,40000,48100,7,6,53,19
73,Phase F - Post-deployment,IT -  CRM Implementation,Distributor,Western Europe,Portugal,8/9/2021,1400,1600,16,16,89,102
74,Phase A - Initiation,IT -  CRM Implementation,Affiliate,Central/Eastern Europe-Middle East-Africa,Ukraine,1/14/2020,400,400,27,25,158,129
74,Phase B - Preparation,IT -  CRM Implementation,Affiliate,Central/Eastern Europe-Middle East-Africa,Ukraine,5/23/2020,8100,8500,10,9,123,58
74,Phase C - Development,IT -  CRM Implementation,Affiliate,Central/Eastern Europe-Middle East-Africa,Ukraine,7/20/2020,10500,9900,12,11,181,233
74,Phase D - Testing,IT -  CRM Implementation,Affiliate,Central/Eastern Europe-Middle East-Africa,Ukraine,8/22/2020,2800,12700,7,6,154,117
74,Phase E - Deployment,IT -  CRM Implementation,Affiliate,Central/Eastern Europe-Middle East-Africa,Ukraine,12/17/2020,51000,41200,8,7,153,60
74,Phase F - Post-deployment,IT -  CRM Implementation,Affiliate,Central/Eastern Europe-Middle East-Africa,Ukraine,2/15/2021,1400,1400,32,32,172,113
75,Phase A - Initiation,IT -  CRM Implementation,Affiliate,Central/Eastern Europe-Middle East-Africa,Russie,3/20/2020,700,700,4,3,8,8
75,Phase B - Preparation,IT -  CRM Implementation,Affiliate,Central/Eastern Europe-Middle East-Africa,Russie,6/12/2020,16100,15600,32,31,122,56
75,Phase C - Development,IT -  CRM Implementation,Affiliate,Central/Eastern Europe-Middle East-Africa,Russie,8/7/2020,21000,21200,22,19,132,124
75,Phase D - Testing,IT -  CRM Implementation,Affiliate,Central/Eastern Europe-Middle East-Africa,Russie,12/9/2020,5600,16300,29,26,104,73
75,Phase E - Deployment,IT -  CRM Implementation,Affiliate,Central/Eastern Europe-Middle East-Africa,Russie,2/20/2021,103000,51500,8,8,110,77
75,Phase F - Post-deployment,IT -  CRM Implementation,Affiliate,Central/Eastern Europe-Middle East-Africa,Russie,5/7/2021,2800,2700,30,26,69,97
76,Phase A - Initiation,IT -  CRM Implementation,Distributor,Central/Eastern Europe-Middle East-Africa,Bielorussie,3/23/2020,400,500,14,13,31,45
76,Phase B - Preparation,IT -  CRM Implementation,Distributor,Central/Eastern Europe-Middle East-Africa,Bielorussie,9/14/2020,8100,10500,26,25,196,120
76,Phase C - Development,IT -  CRM Implementation,Distributor,Central/Eastern Europe-Middle East-Africa,Bielorussie,1/12/2021,10500,13600,17,15,145,138
76,Phase D - Testing,IT -  CRM Implementation,Distributor,Central/Eastern Europe-Middle East-Africa,Bielorussie,5/29/2021,2800,13900,8,7,44,25
76,Phase E - Deployment,IT -  CRM Implementation,Distributor,Central/Eastern Europe-Middle East-Africa,Bielorussie,10/1/2021,53000,46800,14,14,61,71
76,Phase F - Post-deployment,IT -  CRM Implementation,Distributor,Central/Eastern Europe-Middle East-Africa,Bielorussie,2/6/2022,1400,1900,30,29,78,55
77,Phase A - Initiation,IT -  CRM Implementation,Affiliate,Central/Eastern Europe-Middle East-Africa,Lituanie,3/27/2020,400,400,5,5,11,11
77,Phase B - Preparation,IT -  CRM Implementation,Affiliate,Central/Eastern Europe-Middle East-Africa,Lituanie,7/22/2020,8100,8700,23,20,134,129
77,Phase C - Development,IT -  CRM Implementation,Affiliate,Central/Eastern Europe-Middle East-Africa,Lituanie,8/20/2020,10500,10600,15,14,188,132
77,Phase D - Testing,IT -  CRM Implementation,Affiliate,Central/Eastern Europe-Middle East-Africa,Lituanie,12/30/2020,2800,17100,18,17,99,121
77,Phase E - Deployment,IT -  CRM Implementation,Affiliate,Central/Eastern Europe-Middle East-Africa,Lituanie,6/8/2021,33000,24300,20,19,166,102
77,Phase F - Post-deployment,IT -  CRM Implementation,Affiliate,Central/Eastern Europe-Middle East-Africa,Lituanie,9/18/2021,1400,1600,11,11,189,159
78,Phase A - Initiation,IT -  CRM Implementation,Affiliate,Central/Eastern Europe-Middle East-Africa,Estonie,5/18/2020,400,400,28,27,164,140
78,Phase B - Preparation,IT -  CRM Implementation,Affiliate,Central/Eastern Europe-Middle East-Africa,Estonie,10/5/2020,8100,9500,15,9,101,128
78,Phase C - Development,IT -  CRM Implementation,Affiliate,Central/Eastern Europe-Middle East-Africa,Estonie,2/10/2021,10500,11900,21,21,38,27
78,Phase D - Testing,IT -  CRM Implementation,Affiliate,Central/Eastern Europe-Middle East-Africa,Estonie,3/8/2021,2800,21700,15,9,26,39
78,Phase E - Deployment,IT -  CRM Implementation,Affiliate,Central/Eastern Europe-Middle East-Africa,Estonie,4/16/2021,37000,22500,8,8,31,58
78,Phase F - Post-deployment,IT -  CRM Implementation,Affiliate,Central/Eastern Europe-Middle East-Africa,Estonie,10/11/2021,1400,1700,11,11,99,129
79,Phase A - Initiation,IT -  CRM Implementation,Distributor,Western Europe,Suede,2/5/2020,700,800,14,9,127,109
79,Phase B - Preparation,IT -  CRM Implementation,Distributor,Western Europe,Suede,5/25/2020,16100,18000,30,17,126,156
79,Phase C - Development,IT -  CRM Implementation,Distributor,Western Europe,Suede,10/28/2020,21000,24300,20,14,184,72
79,Phase D - Testing,IT -  CRM Implementation,Distributor,Western Europe,Suede,1/8/2021,5600,23400,15,9,123,99
79,Phase E - Deployment,IT -  CRM Implementation,Distributor,Western Europe,Suede,2/26/2021,66000,42500,3,2,122,67
79,Phase F - Post-deployment,IT -  CRM Implementation,Distributor,Western Europe,Suede,5/3/2021,2800,2900,23,15,172,108
80,Phase A - Initiation,IT -  CRM Implementation,Distributor,Western Europe,Danemark,2/23/2020,700,800,6,4,159,138
80,Phase B - Preparation,IT -  CRM Implementation,Distributor,Western Europe,Danemark,4/2/2020,16100,19500,15,9,186,133
80,Phase C - Development,IT -  CRM Implementation,Distributor,Western Europe,Danemark,5/5/2020,21000,23000,12,7,198,141
80,Phase D - Testing,IT -  CRM Implementation,Distributor,Western Europe,Danemark,9/23/2020,5600,25500,32,18,101,131
80,Phase E - Deployment,IT -  CRM Implementation,Distributor,Western Europe,Danemark,3/12/2021,71000,24800,13,8,170,70
80,Phase F - Post-deployment,IT -  CRM Implementation,Distributor,Western Europe,Danemark,5/21/2021,2800,3200,4,2,131,83
81,Phase A - Initiation,IT -  CRM Implementation,Distributor,Western Europe,Norvege,5/28/2020,700,900,13,8,113,138
81,Phase B - Preparation,IT -  CRM Implementation,Distributor,Western Europe,Norvege,10/13/2020,16100,19300,19,11,48,50
81,Phase C - Development,IT -  CRM Implementation,Distributor,Western Europe,Norvege,12/2/2020,21000,24400,1,1,1,5
81,Phase D - Testing,IT -  CRM Implementation,Distributor,Western Europe,Norvege,5/3/2021,5600,18500,30,17,53,63
81,Phase E - Deployment,IT -  CRM Implementation,Distributor,Western Europe,Norvege,10/13/2021,123000,51600,27,17,168,125
81,Phase F - Post-deployment,IT -  CRM Implementation,Distributor,Western Europe,Norvege,10/25/2021,2800,3400,31,21,185,121
82,Phase A - Initiation,IT -  CRM Implementation,Affiliate,Western Europe,Suisse,4/20/2020,700,700,19,13,63,65
82,Phase B - Preparation,IT -  CRM Implementation,Affiliate,Western Europe,Suisse,6/24/2020,16100,16400,31,18,174,163
82,Phase C - Development,IT -  CRM Implementation,Affiliate,Western Europe,Suisse,7/7/2020,21000,21800,29,19,20,13
82,Phase D - Testing,IT -  CRM Implementation,Affiliate,Western Europe,Suisse,11/18/2020,5600,23300,5,3,102,102
82,Phase E - Deployment,IT -  CRM Implementation,Affiliate,Western Europe,Suisse,2/28/2021,66000,41900,23,14,58,37
82,Phase F - Post-deployment,IT -  CRM Implementation,Affiliate,Western Europe,Suisse,4/5/2021,2800,2700,28,16,194,104
83,Phase A - Initiation,IT -  CRM Implementation,Distributor,Central/Eastern Europe-Middle East-Africa,Cote d'Ivoire,3/7/2020,200,300,20,12,41,43
83,Phase B - Preparation,IT -  CRM Implementation,Distributor,Central/Eastern Europe-Middle East-Africa,Cote d'Ivoire,7/14/2020,5400,5200,18,12,124,100
83,Phase C - Development,IT -  CRM Implementation,Distributor,Central/Eastern Europe-Middle East-Africa,Cote d'Ivoire,7/24/2020,7000,7500,21,14,185,140
83,Phase D - Testing,IT -  CRM Implementation,Distributor,Central/Eastern Europe-Middle East-Africa,Cote d'Ivoire,9/2/2020,1900,18600,29,17,112,121
83,Phase E - Deployment,IT -  CRM Implementation,Distributor,Central/Eastern Europe-Middle East-Africa,Cote d'Ivoire,1/1/2021,62000,20300,22,13,81,76
83,Phase F - Post-deployment,IT -  CRM Implementation,Distributor,Central/Eastern Europe-Middle East-Africa,Cote d'Ivoire,6/5/2021,900,1000,7,4,174,110
84,Phase A - Initiation,IT -  CRM Implementation,Distributor,Asia Pacific,Chine,1/27/2020,200,200,7,5,191,63
84,Phase B - Preparation,IT -  CRM Implementation,Distributor,Asia Pacific,Chine,3/31/2020,5400,5000,8,6,46,52
84,Phase C - Development,IT -  CRM Implementation,Distributor,Asia Pacific,Chine,8/30/2020,7000,6500,31,17,109,138
84,Phase D - Testing,IT -  CRM Implementation,Distributor,Asia Pacific,Chine,1/15/2021,1900,13800,9,5,30,53
84,Phase E - Deployment,IT -  CRM Implementation,Distributor,Asia Pacific,Chine,7/12/2021,59000,56200,17,9,5,12
84,Phase F - Post-deployment,IT -  CRM Implementation,Distributor,Asia Pacific,Chine,11/11/2021,900,900,12,7,115,135
85,Phase A - Initiation,IT -  CRM Implementation,Distributor,Central/Eastern Europe-Middle East-Africa,Afrique du Sud,3/14/2020,400,400,21,14,187,82
85,Phase B - Preparation,IT -  CRM Implementation,Distributor,Central/Eastern Europe-Middle East-Africa,Afrique du Sud,6/4/2020,8100,9200,4,3,76,96
85,Phase C - Development,IT -  CRM Implementation,Distributor,Central/Eastern Europe-Middle East-Africa,Afrique du Sud,10/17/2020,10500,12700,27,18,31,11
85,Phase D - Testing,IT -  CRM Implementation,Distributor,Central/Eastern Europe-Middle East-Africa,Afrique du Sud,2/12/2021,2800,22100,29,18,123,146
85,Phase E - Deployment,IT -  CRM Implementation,Distributor,Central/Eastern Europe-Middle East-Africa,Afrique du Sud,7/7/2021,70000,41100,25,16,109,135
85,Phase F - Post-deployment,IT -  CRM Implementation,Distributor,Central/Eastern Europe-Middle East-Africa,Afrique du Sud,11/19/2021,1400,1600,26,15,197,172
86,Phase A - Initiation,IT -  CRM Implementation,Affiliate,Western Europe,France,1/13/2020,200,300,18,10,36,64
86,Phase B - Preparation,IT -  CRM Implementation,Affiliate,Western Europe,France,3/29/2020,5400,6400,10,7,193,128
86,Phase C - Development,IT -  CRM Implementation,Affiliate,Western Europe,France,8/4/2020,7000,7400,30,20,109,125
86,Phase D - Testing,IT -  CRM Implementation,Affiliate,Western Europe,France,12/7/2020,1900,20000,8,6,76,53
86,Phase E - Deployment,IT -  CRM Implementation,Affiliate,Western Europe,France,1/29/2021,108000,44000,6,4,92,74
86,Phase F - Post-deployment,IT -  CRM Implementation,Affiliate,Western Europe,France,7/1/2021,900,1100,3,2,139,132
87,Phase A - Initiation,IT -  CRM Implementation,Affiliate,Central/Eastern Europe-Middle East-Africa,Serbie,3/8/2020,200,200,4,4,112,83
87,Phase B - Preparation,IT -  CRM Implementation,Affiliate,Central/Eastern Europe-Middle East-Africa,Serbie,5/30/2020,5400,5100,13,12,50,19
87,Phase C - Development,IT -  CRM Implementation,Affiliate,Central/Eastern Europe-Middle East-Africa,Serbie,9/26/2020,7000,6500,14,9,96,116
87,Phase D - Testing,IT -  CRM Implementation,Affiliate,Central/Eastern Europe-Middle East-Africa,Serbie,1/20/2021,1900,20400,17,17,79,101
87,Phase E - Deployment,IT -  CRM Implementation,Affiliate,Central/Eastern Europe-Middle East-Africa,Serbie,6/9/2021,69000,31900,16,11,183,178
87,Phase F - Post-deployment,IT -  CRM Implementation,Affiliate,Central/Eastern Europe-Middle East-Africa,Serbie,12/4/2021,900,900,15,14,148,152
88,Phase A - Initiation,IT -  CRM Implementation,Distributor,Central/Eastern Europe-Middle East-Africa,Turquie,5/2/2020,200,300,30,26,92,162
88,Phase B - Preparation,IT -  CRM Implementation,Distributor,Central/Eastern Europe-Middle East-Africa,Turquie,10/11/2020,5400,7000,30,26,75,103
88,Phase C - Development,IT -  CRM Implementation,Distributor,Central/Eastern Europe-Middle East-Africa,Turquie,1/22/2021,7000,8300,7,7,96,59
88,Phase D - Testing,IT -  CRM Implementation,Distributor,Central/Eastern Europe-Middle East-Africa,Turquie,3/21/2021,1900,17500,7,6,108,146
88,Phase E - Deployment,IT -  CRM Implementation,Distributor,Central/Eastern Europe-Middle East-Africa,Turquie,8/14/2021,61000,57300,15,14,77,60
88,Phase F - Post-deployment,IT -  CRM Implementation,Distributor,Central/Eastern Europe-Middle East-Africa,Turquie,8/17/2021,900,1200,22,20,57,79
89,Phase A - Initiation,IT -  CRM Implementation,Affiliate,Western Europe,Grece,3/9/2020,200,300,19,17,20,17
89,Phase B - Preparation,IT -  CRM Implementation,Affiliate,Western Europe,Grece,8/30/2020,5400,6100,10,9,149,170
89,Phase C - Development,IT -  CRM Implementation,Affiliate,Western Europe,Grece,2/16/2021,7000,7300,23,20,103,123
89,Phase D - Testing,IT -  CRM Implementation,Affiliate,Western Europe,Grece,3/10/2021,1900,15900,18,19,4,9
89,Phase E - Deployment,IT -  CRM Implementation,Affiliate,Western Europe,Grece,6/11/2021,123000,31500,16,14,152,95
89,Phase F - Post-deployment,IT -  CRM Implementation,Affiliate,Western Europe,Grece,9/14/2021,900,1000,12,10,109,97
90,Phase A - Initiation,IT -  CRM Implementation,Distributor,Central/Eastern Europe-Middle East-Africa,Afrique du Sud,3/10/2020,200,300,3,3,2,8
90,Phase B - Preparation,IT -  CRM Implementation,Distributor,Central/Eastern Europe-Middle East-Africa,Afrique du Sud,6/4/2020,5400,6300,4,4,17,17
90,Phase C - Development,IT -  CRM Implementation,Distributor,Central/Eastern Europe-Middle East-Africa,Afrique du Sud,11/27/2020,7000,7400,9,9,52,75
90,Phase D - Testing,IT -  CRM Implementation,Distributor,Central/Eastern Europe-Middle East-Africa,Afrique du Sud,3/1/2021,1900,13500,21,20,60,55
90,Phase E - Deployment,IT -  CRM Implementation,Distributor,Central/Eastern Europe-Middle East-Africa,Afrique du Sud,8/3/2021,44000,33300,29,27,182,151
90,Phase F - Post-deployment,IT -  CRM Implementation,Distributor,Central/Eastern Europe-Middle East-Africa,Afrique du Sud,9/23/2021,900,1000,26,22,96,131
91,Phase A - Initiation,IT -  CRM Implementation,Distributor,North and Latin America,Canada,3/30/2020,200,200,7,6,54,46
91,Phase B - Preparation,IT -  CRM Implementation,Distributor,North and Latin America,Canada,5/15/2020,5400,4900,25,23,183,124
91,Phase C - Development,IT -  CRM Implementation,Distributor,North and Latin America,Canada,9/16/2020,7000,6900,18,16,129,92
91,Phase D - Testing,IT -  CRM Implementation,Distributor,North and Latin America,Canada,12/17/2020,1900,20000,25,25,35,58
91,Phase E - Deployment,IT -  CRM Implementation,Distributor,North and Latin America,Canada,3/4/2021,89000,35700,32,32,144,118
91,Phase F - Post-deployment,IT -  CRM Implementation,Distributor,North and Latin America,Canada,3/22/2021,900,900,19,17,72,92
92,Phase A - Initiation,IT -  CRM Implementation,Affiliate,Central/Eastern Europe-Middle East-Africa,Pologne,4/19/2020,400,400,13,12,77,96
92,Phase B - Preparation,IT -  CRM Implementation,Affiliate,Central/Eastern Europe-Middle East-Africa,Pologne,7/24/2020,8100,8400,24,20,45,33
92,Phase C - Development,IT -  CRM Implementation,Affiliate,Central/Eastern Europe-Middle East-Africa,Pologne,12/4/2020,10500,11900,7,6,191,164
92,Phase D - Testing,IT -  CRM Implementation,Affiliate,Central/Eastern Europe-Middle East-Africa,Pologne,5/16/2021,2800,14900,30,26,102,113
92,Phase E - Deployment,IT -  CRM Implementation,Affiliate,Central/Eastern Europe-Middle East-Africa,Pologne,9/6/2021,42000,21600,17,15,127,139
92,Phase F - Post-deployment,IT -  CRM Implementation,Affiliate,Central/Eastern Europe-Middle East-Africa,Pologne,10/15/2021,1400,1300,16,14,126,125
93,Phase A - Initiation,IT -  CRM Implementation,Distributor,Western Europe,Danemark,3/22/2020,400,400,8,8,41,43
93,Phase B - Preparation,IT -  CRM Implementation,Distributor,Western Europe,Danemark,7/25/2020,8100,10200,27,26,188,104
93,Phase C - Development,IT -  CRM Implementation,Distributor,Western Europe,Danemark,11/6/2020,10500,12900,10,9,45,60
93,Phase D - Testing,IT -  CRM Implementation,Distributor,Western Europe,Danemark,1/5/2021,2800,20000,14,13,159,160
93,Phase E - Deployment,IT -  CRM Implementation,Distributor,Western Europe,Danemark,6/13/2021,51000,36500,27,26,104,132
93,Phase F - Post-deployment,IT -  CRM Implementation,Distributor,Western Europe,Danemark,10/23/2021,1400,1700,11,10,28,37
94,Phase A - Initiation,IT -  CRM Implementation,Distributor,Central/Eastern Europe-Middle East-Africa,Israel,3/2/2020,700,700,23,22,121,67
94,Phase B - Preparation,IT -  CRM Implementation,Distributor,Central/Eastern Europe-Middle East-Africa,Israel,5/8/2020,16100,18200,30,29,16,25
94,Phase C - Development,IT -  CRM Implementation,Distributor,Central/Eastern Europe-Middle East-Africa,Israel,6/22/2020,21000,22000,29,25,110,144
94,Phase D - Testing,IT -  CRM Implementation,Distributor,Central/Eastern Europe-Middle East-Africa,Israel,12/13/2020,5600,17600,10,10,132,130
94,Phase E - Deployment,IT -  CRM Implementation,Distributor,Central/Eastern Europe-Middle East-Africa,Israel,1/12/2021,45000,45300,7,7,83,110
94,Phase F - Post-deployment,IT -  CRM Implementation,Distributor,Central/Eastern Europe-Middle East-Africa,Israel,1/22/2021,2800,3100,6,5,46,53
95,Phase A - Initiation,IT -  CRM Implementation,Affiliate,Asia Pacific,Japon,4/5/2020,400,400,20,20,28,45
95,Phase B - Preparation,IT -  CRM Implementation,Affiliate,Asia Pacific,Japon,7/5/2020,8100,12300,30,29,49,27
95,Phase C - Development,IT -  CRM Implementation,Affiliate,Asia Pacific,Japon,11/9/2020,10500,11400,29,27,187,145
95,Phase D - Testing,IT -  CRM Implementation,Affiliate,Asia Pacific,Japon,12/24/2020,2800,18600,19,18,93,85
95,Phase E - Deployment,IT -  CRM Implementation,Affiliate,Asia Pacific,Japon,3/18/2021,86000,29700,19,17,96,101
95,Phase F - Post-deployment,IT -  CRM Implementation,Affiliate,Asia Pacific,Japon,8/29/2021,1400,1600,16,16,175,102
96,Phase A - Initiation,IT -  CRM Implementation,Distributor,Asia Pacific,Chine,5/26/2020,400,300,23,22,15,22
96,Phase B - Preparation,IT -  CRM Implementation,Distributor,Asia Pacific,Chine,8/7/2020,8100,12400,14,13,75,68
96,Phase C - Development,IT -  CRM Implementation,Distributor,Asia Pacific,Chine,10/14/2020,10500,10300,15,14,161,114
96,Phase D - Testing,IT -  CRM Implementation,Distributor,Asia Pacific,Chine,2/5/2021,2800,15100,29,28,193,100
96,Phase E - Deployment,IT -  CRM Implementation,Distributor,Asia Pacific,Chine,5/15/2021,123000,20200,24,21,62,24
96,Phase F - Post-deployment,IT -  CRM Implementation,Distributor,Asia Pacific,Chine,6/8/2021,1400,1400,8,8,80,78
97,Phase A - Initiation,IT -  CRM Implementation,Affiliate,Asia Pacific,Japon,2/5/2020,400,500,3,3,86,60
97,Phase B - Preparation,IT -  CRM Implementation,Affiliate,Asia Pacific,Japon,4/6/2020,8100,9400,29,26,150,206
97,Phase C - Development,IT -  CRM Implementation,Affiliate,Asia Pacific,Japon,4/12/2020,10500,13900,9,8,125,76
97,Phase D - Testing,IT -  CRM Implementation,Affiliate,Asia Pacific,Japon,6/27/2020,2800,14200,6,5,53,80
97,Phase E - Deployment,IT -  CRM Implementation,Affiliate,Asia Pacific,Japon,9/15/2020,47000,40800,26,23,134,142
97,Phase F - Post-deployment,IT -  CRM Implementation,Affiliate,Asia Pacific,Japon,2/4/2021,1400,1800,8,7,32,23
98,Phase A - Initiation,IT -  CRM Implementation,Affiliate,Asia Pacific,Japon,2/14/2020,400,400,28,26,40,42
98,Phase B - Preparation,IT -  CRM Implementation,Affiliate,Asia Pacific,Japon,8/5/2020,8100,11100,27,25,116,37
98,Phase C - Development,IT -  CRM Implementation,Affiliate,Asia Pacific,Japon,9/11/2020,10500,13800,17,14,147,100
98,Phase D - Testing,IT -  CRM Implementation,Affiliate,Asia Pacific,Japon,12/20/2020,2800,18700,8,8,21,40
98,Phase E - Deployment,IT -  CRM Implementation,Affiliate,Asia Pacific,Japon,2/8/2021,32000,41900,13,12,118,140
98,Phase F - Post-deployment,IT -  CRM Implementation,Affiliate,Asia Pacific,Japon,6/27/2021,1400,1900,19,19,143,144
99,Phase A - Initiation,IT -  CRM Implementation,Distributor,Asia Pacific,Indonesie,4/15/2020,400,400,24,22,64,83
99,Phase B - Preparation,IT -  CRM Implementation,Distributor,Asia Pacific,Indonesie,7/7/2020,8100,16000,14,14,32,16
99,Phase C - Development,IT -  CRM Implementation,Distributor,Asia Pacific,Indonesie,7/23/2020,10500,13500,11,9,130,54
99,Phase D - Testing,IT -  CRM Implementation,Distributor,Asia Pacific,Indonesie,9/15/2020,2800,15400,31,27,102,76
99,Phase E - Deployment,IT -  CRM Implementation,Distributor,Asia Pacific,Indonesie,10/21/2020,53000,30700,22,19,134,147
99,Phase F - Post-deployment,IT -  CRM Implementation,Distributor,Asia Pacific,Indonesie,10/28/2020,1400,1600,5,5,34,55
100,Phase A - Initiation,IT -  CRM Implementation,Affiliate,Asia Pacific,Malaysie,5/21/2020,400,400,18,16,115,132
100,Phase B - Preparation,IT -  CRM Implementation,Affiliate,Asia Pacific,Malaysie,6/22/2020,8100,11900,16,14,190,135
100,Phase C - Development,IT -  CRM Implementation,Affiliate,Asia Pacific,Malaysie,7/7/2020,10500,9200,21,19,92,157
100,Phase D - Testing,IT -  CRM Implementation,Affiliate,Asia Pacific,Malaysie,12/21/2020,2800,20200,5,4,123,150
100,Phase E - Deployment,IT -  CRM Implementation,Affiliate,Asia Pacific,Malaysie,5/19/2021,68000,21800,17,15,54,19
100,Phase F - Post-deployment,IT -  CRM Implementation,Affiliate,Asia Pacific,Malaysie,5/28/2021,1400,1300,18,18,32,22
101,Phase A - Initiation,IT -  CRM Implementation,Distributor,Asia Pacific,Chine,1/16/2020,700,700,25,21,121,69
101,Phase B - Preparation,IT -  CRM Implementation,Distributor,Asia Pacific,Chine,3/26/2020,16100,17000,30,29,109,71
101,Phase C - Development,IT -  CRM Implementation,Distributor,Asia Pacific,Chine,6/5/2020,21000,20300,20,18,175,175
101,Phase D - Testing,IT -  CRM Implementation,Distributor,Asia Pacific,Chine,11/27/2020,5600,19400,6,5,68,86
101,Phase E - Deployment,IT -  CRM Implementation,Distributor,Asia Pacific,Chine,2/21/2021,75000,37900,5,5,2,6
101,Phase F - Post-deployment,IT -  CRM Implementation,Distributor,Asia Pacific,Chine,4/26/2021,2800,2800,10,9,64,89
102,Phase A - Initiation,IT -  CRM Implementation,Distributor,Central/Eastern Europe-Middle East-Africa,Ile Maurice,3/20/2020,400,500,9,9,155,65
102,Phase B - Preparation,IT -  CRM Implementation,Distributor,Central/Eastern Europe-Middle East-Africa,Ile Maurice,5/24/2020,8100,10100,1,1,3,9
102,Phase C - Development,IT -  CRM Implementation,Distributor,Central/Eastern Europe-Middle East-Africa,Ile Maurice,6/2/2020,10500,12900,15,13,199,152
102,Phase D - Testing,IT -  CRM Implementation,Distributor,Central/Eastern Europe-Middle East-Africa,Ile Maurice,11/1/2020,2800,20800,28,24,172,141
102,Phase E - Deployment,IT -  CRM Implementation,Distributor,Central/Eastern Europe-Middle East-Africa,Ile Maurice,12/2/2020,62000,32800,12,12,71,63
102,Phase F - Post-deployment,IT -  CRM Implementation,Distributor,Central/Eastern Europe-Middle East-Africa,Ile Maurice,4/30/2021,1400,1700,5,5,12,8
103,Phase A - Initiation,IT -  CRM Implementation,Affiliate,Central/Eastern Europe-Middle East-Africa,La Reunion,5/9/2020,400,400,2,2,9,11
103,Phase B - Preparation,IT -  CRM Implementation,Affiliate,Central/Eastern Europe-Middle East-Africa,La Reunion,9/2/2020,8100,14700,6,5,5,4
103,Phase C - Development,IT -  CRM Implementation,Affiliate,Central/Eastern Europe-Middle East-Africa,La Reunion,10/13/2020,10500,13100,1,1,1,8
103,Phase D - Testing,IT -  CRM Implementation,Affiliate,Central/Eastern Europe-Middle East-Africa,La Reunion,1/6/2021,2800,19800,13,12,102,131
103,Phase E - Deployment,IT -  CRM Implementation,Affiliate,Central/Eastern Europe-Middle East-Africa,La Reunion,2/6/2021,68000,39600,20,19,175,75
103,Phase F - Post-deployment,IT -  CRM Implementation,Affiliate,Central/Eastern Europe-Middle East-Africa,La Reunion,4/21/2021,1400,1900,24,23,167,171
104,Phase 1 - Planning,Marketing - Launch of new product,Distributor,Central/Eastern Europe-Middle East-Africa,Bielorussie,5/12/2018,50000,49300,21,21,186,163
104,Phase 2 - Initiation,Marketing - Launch of new product,Distributor,Central/Eastern Europe-Middle East-Africa,Bielorussie,6/7/2018,100000,100700,27,27,185,179
104,Phase 3 - Implementation,Marketing - Launch of new product,Distributor,Central/Eastern Europe-Middle East-Africa,Bielorussie,6/23/2018,150000,144800,17,17,72,168
104,Phase 4 - Manufacturing,Marketing - Launch of new product,Distributor,Central/Eastern Europe-Middle East-Africa,Bielorussie,12/8/2018,450000,411700,4,4,191,140
